ANO_EXERCICIO;CD_ELEMENTO_DESPESA;DENOMINACAO_ELEMENTO_DESPESA;INTERPRETAÇÃO
2025;1;APOSENTADORIAS, RESERVA REMUNERADA E REFORMAS;DESPESAS ORÇAMENTÁRIAS COM PAGAMENTO DE APOSENTADORIAS DOS SERVIDORES INATIVOS E DE AGENTES VINCULADOS À ADMINISTRAÇÃO PÚBLICA, PELO REGIME PRÓPRIO DE PREVIDÊNCIA DO SERVIDOR - RPPS, POR OUTROS INSTITUTOS PRÓPRIOS DE PREVIDÊNCIA OU DIRETAMENTE PELA ADMINISTRAÇÃO PÚBLICA, DE RESERVA REMUNERADA E DE REFORMAS DOS MILITARES.
2025;3;PENSÕES;DESPESAS ORÇAMENTÁRIAS COM PAGAMENTO DE PENSÕES CIVIS PELO REGIME PRÓPRIO DE PREVIDÊNCIA DO SERVIDOR – RPPS, POR OUTROS INSTITUTOS PRÓPRIOS DE PREVIDÊNCIA OU DIRETAMENTE PELA ADMINISTRAÇÃO PÚBLICA E DE PENSÕES MILITARES, QUANDO VINCULADAS A CARGOS PÚBLICOS.
2025;4;CONTRATAÇÃO POR TEMPO DETERMINADO;DESPESAS ORÇAMENTÁRIAS COM A CONTRATAÇÃO DE PESSOAL POR TEMPO DETERMINADO PARA ATENDER À NECESSIDADE TEMPORÁRIA DE EXCEPCIONAL INTERESSE PÚBLICO, DE ACORDO COM LEGISLAÇÃO ESPECÍFICA DE CADA ENTE DA FEDERAÇÃO,  INCLUSIVE OBRIGAÇÕES PATRONAIS E OUTRAS DESPESAS VARIÁVEIS, QUANDO FOR O CASO.
2025;6;BENEFÍCIO MENSAL AO DEFICIENTE E AO IDOSO;"DESPESAS ORÇAMENTÁRIAS DECORRENTES DO CUMPRIMENTO DO ART. 203, INCISO V, DA CONSTITUIÇÃO FEDERAL, QUE DISPÕE:
“ART. 203 – A ASSISTÊNCIA SOCIAL SERÁ PRESTADA A QUEM DELA NECESSITAR, INDEPENDENTEMENTE DE CONTRIBUIÇÃO À SEGURIDADE SOCIAL, E TEM POR OBJETIVOS:
(...)
V – A GARANTIA DE UM SALÁRIO MÍNIMO DE BENEFÍCIO MENSAL À PESSOA PORTADORA DE DEFICIÊNCIA E AO IDOSO QUE COMPROVEM NÃO POSSUIR MEIOS DE PROVER A PRÓPRIA MANUTENÇÃO OU DE TÊ-LA PROVIDA POR SUA FAMÍLIA, CONFORME DISPUSER A LEI.”
"
2025;7;CONTRIBUIÇÃO A ENTIDADES FECHADAS DE PREVIDÊNCIA;DESPESAS ORÇAMENTÁRIAS COM OS ENCARGOS DA ENTIDADE PATROCINADORA NO REGIME DE PREVIDÊNCIA FECHADA, PARA COMPLEMENTAÇÃO DE APOSENTADORIA.
2025;8;OUTROS BENEFÍCIOS ASSISTENCIAIS DO SERVIDOR E DO MILITAR ;"DESPESAS ORÇAMENTÁRIAS COM BENEFÍCIOS ASSISTENCIAIS, INCLUSIVE AUXÍLIO-FUNERAL DEVIDO À FAMÍLIA DO SERVIDOR OU DO MILITAR FALECIDO NA ATIVIDADE, OU DO APOSENTADO, OU A TERCEIRO QUE CUSTEAR, COMPROVADAMENTE, AS DESPESAS COM O FUNERAL DO EX-SERVIDOR OU DO EX-MILITAR; AUXÍLIO-NATALIDADE DEVIDO A SERVIDORA OU MILITAR, POR MOTIVO DE NASCIMENTO DE FILHO, OU A CÔNJUGE OU COMPANHEIRO SERVIDOR PÚBLICO OU MILITAR, QUANDO A PARTURIENTE NÃO FOR SERVIDORA; AUXÍLIO-CRECHE OU ASSISTÊNCIA PRÉ-ESCOLAR DEVIDO A DEPENDENTE DO SERVIDOR OU MILITAR, CONFORME REGULAMENTO; E AUXÍLIO-DOENÇA."
2025;10;SEGURO DESEMPREGO E ABONO SALARIAL;DESPESAS ORÇAMENTÁRIAS COM PAGAMENTO DO SEGURO-DESEMPREGO E DO ABONO DE QUE TRATAM O INCISO II DO ART. 7º E O §3º DO ART. 239 DA CONSTITUIÇÃO FEDERAL, RESPECTIVAMENTE.
2025;11;VENCIMENTOS E VANTAGENS FIXAS-PESSOAL CIVIL;"DESPESAS ORÇAMENTÁRIAS COM: VENCIMENTO; SALÁRIO PESSOAL PERMANENTE; VENCIMENTO OU SALÁRIO DE CARGOS DE CONFIANÇA; SUBSÍDIOS; VENCIMENTO DO PESSOAL EM DISPONIBILIDADE REMUNERADA; AUXÍLIO-DOENÇA (OU LICENÇA PARA TRATAMENTO DE SAÚDE); SALÁRIO MATERNIDADE (OU LICENÇA MATERNIDADE); GRATIFICAÇÕES, TAIS COMO: GRATIFICAÇÃO ADICIONAL PESSOAL DISPONÍVEL; GRATIFICAÇÃO DE INTERIORIZAÇÃO; GRATIFICAÇÃO DE DEDICAÇÃO EXCLUSIVA; GRATIFICAÇÃO DE REGÊNCIA DE CLASSE; GRATIFICAÇÃO PELA CHEFIA OU COORDENAÇÃO DE CURSO DE ÁREA OU EQUIVALENTE; GRATIFICAÇÃO POR PRODUÇÃO SUPLEMENTAR; GRATIFICAÇÃO POR TRABALHO DE RAIOS X OU SUBSTÂNCIAS RADIOATIVAS; GRATIFICAÇÃO PELA CHEFIA DE DEPARTAMENTO, DIVISÃO OU EQUIVALENTE; GRATIFICAÇÃO DE DIREÇÃO GERAL OU DIREÇÃO (MAGISTÉRIO DE Lº E 2º GRAUS); GRATIFICAÇÃO DE FUNÇÃO-MAGISTÉRIO SUPERIOR; GRATIFICAÇÃO DE ATENDIMENTO E HABILITAÇÃO PREVIDENCIÁRIOS; GRATIFICAÇÃO ESPECIAL DE LOCALIDADE; GRATIFICAÇÃO DE DESEMPENHO DAS ATIVIDADES RODOVIÁRIAS; GRATIFICAÇÃO DA ATIVIDADE DE FISCALIZAÇÃO DO TRABALHO; GRATIFICAÇÃO DE ENGENHEIRO AGRÔNOMO; GRATIFICAÇÃO DE NATAL; GRATIFICAÇÃO DE ESTÍMULO À FISCALIZAÇÃO E ARRECADAÇÃO DE CONTRIBUIÇÕES E DE TRIBUTOS; GRATIFICAÇÃO POR ENCARGO DE CURSO OU DE CONCURSO; GRATIFICAÇÃO DE PRODUTIVIDADE DO ENSINO; GRATIFICAÇÃO DE HABILITAÇÃO PROFISSIONAL; GRATIFICAÇÃO DE ATIVIDADE; GRATIFICAÇÃO DE REPRESENTAÇÃO DE GABINETE; ADICIONAL DE INSALUBRIDADE; ADICIONAL NOTURNO; ADICIONAL DE FÉRIAS 1/3 (ART. 7º, INCISO XVII, DA CONSTITUIÇÃO); ADICIONAIS DE PERICULOSIDADE; REPRESENTAÇÃO MENSAL; LICENÇA-PRÊMIO POR ASSIDUIDADE; RETRIBUIÇÃO BÁSICA (VENCIMENTOS OU SALÁRIO NO EXTERIOR); DIFERENÇAS INDIVIDUAIS PERMANENTES; VANTAGENS PECUNIÁRIAS DE MINISTRO DE ESTADO, DE SECRETÁRIO DE ESTADO E DE MUNICÍPIO; FÉRIAS ANTECIPADAS DE PESSOAL PERMANENTE; AVISO PRÉVIO (CUMPRIDO); FÉRIAS VENCIDAS E PROPORCIONAIS; PARCELA INCORPORADA (EX-QUINTOS E EX-DÉCIMOS); INDENIZAÇÃO DE HABILITAÇÃO POLICIAL; ADIANTAMENTO DO 13º SALÁRIO; 13º SALÁRIO PROPORCIONAL; INCENTIVO FUNCIONAL - SANITARISTA; ABONO PROVISÓRIO; ""PRÓ-LABORE"" DE PROCURADORES; E OUTRAS DESPESAS CORRELATAS DE CARÁTER PERMANENTE."
2025;12;VENCIMENTOS E VANTAGENS FIXAS - PESSOAL  MILITAR;"DESPESAS ORÇAMENTÁRIAS COM: SOLDO; GRATIFICAÇÃO DE LOCALIDADE ESPECIAL; GRATIFICAÇÃO DE REPRESENTAÇÃO; ADICIONAL DE TEMPO DE SERVIÇO; ADICIONAL DE HABILITAÇÃO; ADICIONAL DE COMPENSAÇÃO ORGÂNICA; ADICIONAL MILITAR; ADICIONAL DE PERMANÊNCIA; ADICIONAL DE FÉRIAS; ADICIONAL NATALINO; E OUTRAS DESPESAS CORRELATAS, DE CARÁTER PERMANENTE, PREVISTAS NA ESTRUTURA REMUNERATÓRIA DOS MILITARES."
2025;13;OBRIGAÇÕES PATRONAIS;DESPESAS ORÇAMENTÁRIAS COM ENCARGOS QUE A ADMINISTRAÇÃO TEM PELA SUA CONDIÇÃO DE EMPREGADORA, E RESULTANTES DE PAGAMENTO DE PESSOAL ATIVO, INATIVO E PENSIONISTAS, TAIS COMO FUNDO DE GARANTIA POR TEMPO DE SERVIÇO E CONTRIBUIÇÕES PARA INSTITUTOS DE PREVIDÊNCIA, INCLUSIVE A ALÍQUOTA DE CONTRIBUIÇÃO SUPLEMENTAR PARA COBERTURA DO DÉFICIT ATUARIAL, BEM COMO OS ENCARGOS RESULTANTES DO PAGAMENTO COM ATRASO DAS CONTRIBUIÇÕES DE QUE TRATA ESTE ELEMENTO DE DESPESA.
2025;14;DIÁRIAS - CIVIL;DESPESAS ORÇAMENTÁRIAS COM COBERTURA DE ALIMENTAÇÃO, POUSADA E LOCOMOÇÃO URBANA, DO SERVIDOR PÚBLICO ESTATUTÁRIO OU CELETISTA QUE SE DESLOCA DE SUA SEDE EM OBJETO DE SERVIÇO, EM CARÁTER EVENTUAL OU TRANSITÓRIO, ENTENDIDO COMO SEDE O MUNICÍPIO ONDE A REPARTIÇÃO ESTIVER INSTALADA E ONDE O SERVIDOR TIVER EXERCÍCIO EM CARÁTER PERMANENTE. 
2025;15;DIÁRIAS - MILITAR;DESPESAS ORÇAMENTÁRIAS DECORRENTES DO DESLOCAMENTO DO MILITAR DA SEDE DE SUA UNIDADE POR MOTIVO DE SERVIÇO, DESTINADAS À INDENIZAÇÃO DAS DESPESAS DE ALIMENTAÇÃO E POUSADA. 
2025;16;OUTRAS DESPESAS VARIÁVEIS - PESSOAL CIVIL;"DESPESAS ORÇAMENTÁRIAS RELACIONADAS ÀS ATIVIDADES DO CARGO/EMPREGO OU FUNÇÃO DO SERVIDOR, E CUJO PAGAMENTO SÓ SE EFETUA EM CIRCUNSTÂNCIAS ESPECÍFICAS, TAIS COMO: HORA-EXTRA; SUBSTITUIÇÕES; E OUTRAS DESPESAS DA ESPÉCIE, DECORRENTES DO PAGAMENTO DE PESSOAL DOS ÓRGÃOS E ENTIDADES DA ADMINISTRAÇÃO DIRETA E INDIRETA. "
2025;17;OUTRAS DESPESAS VARIÁVEIS - PESSOAL MILITAR;DESPESAS ORÇAMENTÁRIAS EVENTUAIS, DE NATUREZA REMUNERATÓRIA, DEVIDAS EM VIRTUDE DO EXERCÍCIO DA ATIVIDADE MILITAR, EXCETO AQUELAS CLASSIFICADAS EM ELEMENTOS DE DESPESAS ESPECÍFICOS.
2025;18;AUXÍLIO FINANCEIRO A ESTUDANTES;DESPESAS ORÇAMENTÁRIAS COM AJUDA FINANCEIRA CONCEDIDA PELO ESTADO A ESTUDANTES COMPROVADAMENTE CARENTES, E CONCESSÃO DE AUXÍLIO PARA O DESENVOLVIMENTO DE ESTUDOS E PESQUISAS DE NATUREZA CIENTÍFICA, REALIZADAS POR PESSOAS FÍSICAS NA CONDIÇÃO DE ESTUDANTE, OBSERVADO O DISPOSTO NO ART. 26 DA LEI COMPLEMENTAR Nº 101, DE 04/05/2000.
2025;19;AUXÍLIO-FARDAMENTO;DESPESAS ORÇAMENTÁRIAS COM O AUXÍLIO-FARDAMENTO, PAGO DIRETAMENTE AO SERVIDOR OU MILITAR.
2025;20;AUXÍLIO FINANCEIRO A PESQUISADORES ;DESPESAS ORÇAMENTÁRIAS COM APOIO FINANCEIRO CONCEDIDO A PESQUISADORES, INDIVIDUAL OU COLETIVAMENTE, EXCETO NA CONDIÇÃO DE ESTUDANTE, NO DESENVOLVIMENTO DE PESQUISAS CIENTÍFICAS E TECNOLÓGICAS, NAS SUAS MAIS DIVERSAS MODALIDADES, OBSERVADO O DISPOSTO NO ART. 26 DA LEI COMPLEMENTAR NO 101, DE 04/05/2000.
2025;21;JUROS SOBRE A DÍVIDA POR CONTRATO;DESPESAS ORÇAMENTÁRIAS COM JUROS REFERENTES A OPERAÇÕES DE CRÉDITO EFETIVAMENTE CONTRATADAS.
2025;22;OUTROS ENCARGOS SOBRE A DÍVIDA POR CONTRATO;DESPESAS ORÇAMENTÁRIAS COM OUTROS ENCARGOS DA DÍVIDA PÚBLICA CONTRATADA, TAIS COMO: TAXAS, COMISSÕES BANCÁRIAS, PRÊMIOS, IMPOSTO DE RENDA E OUTROS ENCARGOS.
2025;23;JUROS, DESÁGIOS E DESCONTOS DA DÍVIDA MOBILIÁRIA;DESPESAS ORÇAMENTÁRIAS COM A REMUNERAÇÃO REAL DEVIDA PELA APLICAÇÃO DE CAPITAL DE TERCEIROS EM TÍTULOS PÚBLICOS. 
2025;24;OUTROS ENCARGOS SOBRE A DÍVIDA MOBILIÁRIA;DESPESAS ORÇAMENTÁRIAS COM OUTROS ENCARGOS DA DÍVIDA MOBILIÁRIA, TAIS COMO: COMISSÃO, CORRETAGEM, SEGURO, ETC. 
2025;25;ENCARGOS SOBRE OPERAÇÕES DE CRÉDITO POR ANTECIPAÇÃO DA RECEITA;DESPESAS ORÇAMENTÁRIAS COM PAGAMENTO DE ENCARGOS DA DÍVIDA PÚBLICA, INCLUSIVE OS JUROS DECORRENTES DE OPERAÇÕES DE CRÉDITO POR ANTECIPAÇÃO DA RECEITA, CONFORME ART. 165, §8º, DA CONSTITUIÇÃO. 
2025;26;OBRIGAÇÕES DECORRENTES DE POLÍTICA MONETÁRIA;DESPESAS ORÇAMENTÁRIAS COM A COBERTURA DO RESULTADO NEGATIVO DO BANCO CENTRAL DO BRASIL, COMO AUTORIDADE MONETÁRIA, APURADO EM BALANÇO, NOS TERMOS DA LEGISLAÇÃO VIGENTE. 
2025;27;ENCARGOS PELA HONRA DE AVAIS, GARANTIAS, SEGUROS E SIMILARES;DESPESAS ORÇAMENTÁRIAS QUE A ADMINISTRAÇÃO É COMPELIDA A REALIZAR EM DECORRÊNCIA DA HONRA DE AVAIS, GARANTIAS, SEGUROS, FIANÇAS E SIMILARES CONCEDIDOS.
2025;28;REMUNERAÇÃO DE COTAS DE FUNDOS AUTÁRQUICOS;DESPESAS ORÇAMENTÁRIAS COM ENCARGOS DECORRENTES DA REMUNERAÇÃO DE COTAS DE FUNDOS AUTÁRQUICOS, À SEMELHANÇA DE DIVIDENDOS, EM RAZÃO DOS RESULTADOS POSITIVOS DESSES FUNDOS.
2025;29;Distribuição de Resultado de Empresas Estatais Dependentes;DESPESAS ORÇAMENTÁRIAS COM A DISTRIBUIÇÃO DE RESULTADO POSITIVO DE EMPRESAS ESTATAIS DEPENDENTES, INCLUSIVE A TÍTULO DE DIVIDENDOS E PARTICIPAÇÃO DE EMPREGADOS NOS REFERIDOS RESULTADOS.
2025;30;MATERIAL DE CONSUMO;"DESPESAS ORÇAMENTÁRIAS COM ÁLCOOL AUTOMOTIVO; GASOLINA AUTOMOTIVA; DIESEL AUTOMOTIVO; LUBRIFICANTES AUTOMOTIVOS; COMBUSTÍVEL E LUBRIFICANTES DE AVIAÇÃO; GÁS ENGARRAFADO; OUTROS COMBUSTÍVEIS E LUBRIFICANTES; MATERIAL BIOLÓGICO, FARMACOLÓGICO E LABORATORIAL; ANIMAIS PARA ESTUDO, CORTE OU ABATE; ALIMENTOS PARA ANIMAIS; MATERIAL DE COUDELARIA OU DE USO ZOOTÉCNICO; SEMENTES E MUDAS DE PLANTAS; GÊNEROS DE ALIMENTAÇÃO; MATERIAL DE CONSTRUÇÃO PARA REPAROS EM IMÓVEIS; MATERIAL DE MANOBRA E PATRULHAMENTO; MATERIAL DE PROTEÇÃO, SEGURANÇA, SOCORRO E SOBREVIVÊNCIA; MATERIAL DE EXPEDIENTE; MATERIAL DE CAMA E MESA, COPA E COZINHA, E PRODUTOS DE HIGIENIZAÇÃO; MATERIAL GRÁFICO E DE PROCESSAMENTO DE DADOS; AQUISIÇÃO DE DISQUETE; MATERIAL PARA ESPORTES E DIVERSÕES; MATERIAL PARA FOTOGRAFIA E FILMAGEM; MATERIAL PARA INSTALAÇÃO ELÉTRICA E ELETRÔNICA; MATERIAL PARA MANUTENÇÃO, REPOSIÇÃO E APLICAÇÃO; MATERIAL ODONTOLÓGICO, HOSPITALAR E AMBULATORIAL; MATERIAL QUÍMICO; MATERIAL PARA TELECOMUNICAÇÕES; VESTUÁRIO, UNIFORMES, FARDAMENTO, TECIDOS E AVIAMENTOS; MATERIAL DE ACONDICIONAMENTO E EMBALAGEM; SUPRIMENTO DE PROTEÇÃO AO VOO; SUPRIMENTO DE AVIAÇÃO; SOBRESSALENTES DE MÁQUINAS E MOTORES DE NAVIOS E ESQUADRA; EXPLOSIVOS E MUNIÇÕES; BANDEIRAS, FLÂMULAS E INSÍGNIAS E OUTROS MATERIAIS DE USO NÃO-DURADOURO."
2025;31;PREMIAÇÕES CULTURAIS, ARTÍSTICAS, CIENTÍFICAS, DESPORTIVAS E OUTRAS.;DESPESAS ORÇAMENTÁRIAS COM AQUISIÇÃO DE PRÊMIOS, CONDECORAÇÕES, MEDALHAS, TROFÉUS, ETC., BEM COMO COM O PAGAMENTO DE PRÊMIOS EM PECÚNIA, INCLUSIVE DECORRENTES DE SORTEIOS LOTÉRICOS.
2025;32;MATERIAL, BEM OU SERVIÇO PARA DISTRIBUIÇÃO GRATUITA;DESPESAS ORÇAMENTÁRIAS COM AQUISIÇÃO DE MATERIAIS, BENS OU SERVIÇOS PARA DISTRIBUIÇÃO GRATUITA, TAIS COMO LIVROS DIDÁTICOS, MEDICAMENTOS, GÊNEROS ALIMENTÍCIOS E OUTROS MATERIAIS, BENS OU SERVIÇOS QUE POSSAM SER DISTRIBUÍDOS GRATUITAMENTE, EXCETO SE DESTINADOS A PREMIAÇÕES CULTURAIS, ARTÍSTICAS, CIENTÍFICAS, DESPORTIVAS E OUTRAS.
2025;33;PASSAGENS E DESPESAS COM LOCOMOÇÃO;DESPESAS ORÇAMENTÁRIAS, REALIZADAS DIRETAMENTE OU POR MEIO DE EMPRESA CONTRATADA, COM AQUISIÇÃO DE PASSAGENS (AÉREAS, TERRESTRES, FLUVIAIS OU MARÍTIMAS), TAXAS DE EMBARQUE, SEGUROS, FRETAMENTO, PEDÁGIOS, LOCAÇÃO OU USO DE VEÍCULOS PARA TRANSPORTE DE PESSOAS E SUAS RESPECTIVAS BAGAGENS, INCLUSIVE QUANDO DECORRENTES DE MUDANÇAS DE DOMICÍLIO NO INTERESSE DA ADMINISTRAÇÃO.
2025;34;OUTRAS DESPESAS DE PESSOAL DECORRENTES DE CONTRATOS DE TERCEIRIZAÇÃO;DESPESAS ORÇAMENTÁRIAS RELATIVAS A SALÁRIOS E DEMAIS ENCARGOS DE AGENTES TERCEIRIZADOS CONTRATADOS EM SUBSTITUIÇÃO DE MÃO DE OBRA DE SERVIDORES OU EMPREGADOS PÚBLICOS, BEM COMO QUAISQUER OUTRAS FORMAS DE REMUNERAÇÃO POR CONTRATAÇÃO DE SERVIÇOS DE MÃO DE OBRA TERCEIRIZADA, DE ACORDO COM O ART. 18, § 1O , DA LEI COMPLEMENTAR NO 101, DE 2000, COMPUTADAS PARA FINS DE LIMITES DA DESPESA TOTAL COM PESSOAL PREVISTOS NO ART. 19 DESSA LEI.
2025;35;SERVIÇOS DE CONSULTORIA;DESPESAS ORÇAMENTÁRIAS DECORRENTES DE CONTRATOS COM PESSOAS FÍSICAS OU JURÍDICAS, PRESTADORAS DE SERVIÇOS NAS ÁREAS DE CONSULTORIAS TÉCNICAS OU AUDITORIAS FINANCEIRAS OU JURÍDICAS, OU ASSEMELHADAS.
2025;36;OUTROS SERVIÇOS DE TERCEIROS - PESSOA FÍSICA;"DESPESAS ORÇAMENTÁRIAS DECORRENTES DE SERVIÇOS PRESTADOS POR PESSOA FÍSICA PAGOS DIRETAMENTE A ESTA E NÃO ENQUADRADOS NOS ELEMENTOS DE DESPESA ESPECÍFICOS, TAIS COMO: REMUNERAÇÃO DE SERVIÇOS DE NATUREZA EVENTUAL, PRESTADO POR PESSOA FÍSICA SEM VÍNCULO EMPREGATÍCIO; ESTAGIÁRIOS, MONITORES DIRETAMENTE CONTRATADOS; GRATIFICAÇÃO POR ENCARGO DE CURSO OU DE CONCURSO; DIÁRIAS A COLABORADORES EVENTUAIS; LOCAÇÃO DE IMÓVEIS; SALÁRIO DE INTERNOS NAS PENITENCIÁRIAS; E OUTRAS DESPESAS PAGAS DIRETAMENTE À PESSOA FÍSICA."
2025;37;LOCAÇÃO DE MÃO-DE-OBRA;DESPESAS ORÇAMENTÁRIAS COM PRESTAÇÃO DE SERVIÇOS POR PESSOAS JURÍDICAS PARA ÓRGÃOS PÚBLICOS, TAIS COMO LIMPEZA E HIGIENE, VIGILÂNCIA OSTENSIVA E OUTROS, NOS CASOS EM QUE O CONTRATO ESPECIFIQUE O QUANTITATIVO FÍSICO DO PESSOAL A SER UTILIZADO. 
2025;38;ARRENDAMENTO MERCANTIL;DESPESAS ORÇAMENTÁRIAS COM ARRENDAMENTO MERCANTIL, COM OPÇÃO OU NÃO DE COMPRA DO BEM DE PROPRIEDADE DO ARRENDADOR.
2025;39;OUTROS SERVIÇOS DE TERCEIROS - PESSOA JURÍDICA;"DESPESAS ORÇAMENTÁRIAS DECORRENTES DA PRESTAÇÃO DE SERVIÇOS POR PESSOAS JURÍDICAS PARA ÓRGÃOS PÚBLICOS, EXCETO AS RELATIVAS AOS SERVIÇOS DE TECNOLOGIA DA INFORMAÇÃO E COMUNICAÇÃO - TIC, TAIS COMO: ASSINATURAS DE JORNAIS E PERIÓDICOS; TARIFAS DE ENERGIA ELÉTRICA, GÁS, ÁGUA E ESGOTO; SERVIÇOS DE COMUNICAÇÃO (TELEX, CORREIOS, TELEFONIA FIXA E MÓVEL, QUE NÃO INTEGREM PACOTE DE COMUNICAÇÃO DE DADOS); FRETES E CARRETOS; LOCAÇÃO DE IMÓVEIS (INCLUSIVE DESPESAS DE CONDOMÍNIO E TRIBUTOS À CONTA DO LOCATÁRIO, QUANDO PREVISTOS NO CONTRATO DE LOCAÇÃO); LOCAÇÃO DE EQUIPAMENTOS E MATERIAIS PERMANENTES; CONSERVAÇÃO E ADAPTAÇÃO DE BENS IMÓVEIS; SEGUROS EM GERAL (EXCETO OS DECORRENTES DE OBRIGAÇÃO PATRONAL); SERVIÇOS DE ASSEIO E HIGIENE; SERVIÇOS DE DIVULGAÇÃO, IMPRESSÃO, ENCADERNAÇÃO E EMOLDURAMENTO; SERVIÇOS FUNERÁRIOS; DESPESAS COM CONGRESSOS, SIMPÓSIOS, CONFERÊNCIAS OU EXPOSIÇÕES; VALE-REFEIÇÃO; AUXÍLIO-CRECHE (EXCLUSIVE A INDENIZAÇÃO A SERVIDOR); E OUTROS CONGÊNERES, BEM COMO OS ENCARGOS RESULTANTES DO PAGAMENTO COM ATRASO DE OBRIGAÇÕES NÃO TRIBUTÁRIAS."
2025;40;SERVIÇOS DE TECNOLOGIA DA INFORMAÇÃO E COMUNICAÇÃO -  PESSOA JURÍDICA;"DESPESAS ORÇAMENTÁRIAS DECORRENTES DA PRESTAÇÃO DE SERVIÇOS POR PESSOAS JURÍDICAS PARA ÓRGÃOS E ENTIDADES DA ADMINISTRAÇÃO PÚBLICA, RELACIONADAS À TECNOLOGIA DA INFORMAÇÃO E COMUNICAÇÃO - TIC, NÃO CLASSIFICADAS EM OUTROS ELEMENTOS DE DESPESA, TAIS COMO: LOCAÇÃO DE EQUIPAMENTOS E SOFTWARES, DESENVOLVIMENTO E MANUTENÇÃO DE SOFTWARE, HOSPEDAGENS DE SISTEMAS, COMUNICAÇÃO DE DADOS, SERVIÇOS DE TELEFONIA FIXA E MÓVEL, QUANDO INTEGRAREM PACOTE DE COMUNICAÇÃO DE DADOS, SUPORTE A USUÁRIOS DE TIC, SUPORTE DE INFRAESTRUTURA DE TIC, SERVIÇOS TÉCNICOS PROFISSIONAIS DE TIC, MANUTENÇÃO E CONSERVAÇÃO DE EQUIPAMENTOS DE TIC, DIGITALIZAÇÃO, OUTSOURCING DE IMPRESSÃO E SERVIÇOS RELACIONADOS A COMPUTAÇÃO EM NUVEM, TREINAMENTO E CAPACITAÇÃO EM TIC, TRATAMENTO DE DADOS, CONTEÚDO DE WEB; E OUTROS CONGÊNERES."
2025;41;CONTRIBUIÇÕES;DESPESAS ORÇAMENTÁRIAS ÀS QUAIS NÃO CORRESPONDA CONTRAPRESTAÇÃO DIRETA EM BENS E SERVIÇOS E NÃO SEJA REEMBOLSÁVEL PELO RECEBEDOR, INCLUSIVE AS DESTINADAS A ATENDER A DESPESAS DE MANUTENÇÃO DE OUTRAS ENTIDADES DE DIREITO PÚBLICO OU PRIVADO, OBSERVADO O DISPOSTO NA LEGISLAÇÃO VIGENTE. 
2025;42;AUXÍLIOS;DESPESAS ORÇAMENTÁRIAS DESTINADAS A ATENDER A DESPESAS DE INVESTIMENTOS OU INVERSÕES FINANCEIRAS DE OUTRAS ESFERAS DE GOVERNO OU DE ENTIDADES PRIVADAS SEM FINS LUCRATIVOS, OBSERVADO, RESPECTIVAMENTE, O DISPOSTO NOS ARTS. 25 E 26 DA LEI COMPLEMENTAR FEDERAL Nº 101, DE 04/05/2000. 
2025;43;SUBVENÇÕES SOCIAIS;DESPESAS ORÇAMENTÁRIAS PARA COBERTURA DE DESPESAS DE INSTITUIÇÕES PRIVADAS DE CARÁTER ASSISTENCIAL OU CULTURAL, SEM FINALIDADE LUCRATIVA, DE ACORDO COM OS ARTIGOS 16, PARÁGRAFO ÚNICO, E 17 DA LEI Nº 4.320, DE 17/03/1964, OBSERVADO O DISPOSTO NO ART. 26 DA LRF.
2025;45;SUBVENÇÕES ECONÔMICAS;"DESPESAS ORÇAMENTÁRIAS COM O PAGAMENTO DE SUBVENÇÕES ECONÔMICAS, A QUALQUER TÍTULO, AUTORIZADAS EM LEIS ESPECÍFICAS, TAIS COMO: AJUDA FINANCEIRA A ENTIDADES PRIVADAS COM FINS LUCRATIVOS; CONCESSÃO DE BONIFICAÇÕES A PRODUTORES, DISTRIBUIDORES E VENDEDORES; COBERTURA, DIRETA OU INDIRETA, DE PARCELA DE ENCARGOS DE EMPRÉSTIMOS E FINANCIAMENTOS E DOS CUSTOS DE AQUISIÇÃO, DE PRODUÇÃO, DE ESCOAMENTO, DE DISTRIBUIÇÃO, DE VENDA E DE MANUTENÇÃO DE BENS, PRODUTOS E SERVIÇOS EM GERAL; E, AINDA, OUTRAS OPERAÇÕES COM CARACTERÍSTICAS SEMELHANTES."
2025;46;AUXÍLIO-ALIMENTAÇÃO;DESPESAS ORÇAMENTÁRIAS COM AUXÍLIO-ALIMENTAÇÃO PAGO EM FORMA DE PECÚNIA, DE BILHETE OU DE CARTÃO MAGNÉTICO DIRETAMENTE AOS MILITARES, SERVIDORES, ESTAGIÁRIOS OU EMPREGADOS DA ADMINISTRAÇÃO PÚBLICA DIRETA E INDIRETA.
2025;47;OBRIGAÇÕES TRIBUTÁRIAS E CONTRIBUTIVAS;DESPESAS ORÇAMENTÁRIAS DECORRENTES DO PAGAMENTO DE TRIBUTOS E CONTRIBUIÇÕES SOCIAIS E ECONÔMICAS (IMPOSTO DE RENDA, ICMS, IPVA, IPTU, TAXA DE LIMPEZA PÚBLICA, COFINS, PIS/PASEP, ETC.), EXCETO AS INCIDENTES SOBRE A FOLHA DE SALÁRIOS, CLASSIFICADAS COMO OBRIGAÇÕES PATRONAIS, BEM COMO OS ENCARGOS RESULTANTES DO PAGAMENTO COM ATRASO DAS OBRIGAÇÕES DE QUE TRATA ESTE ELEMENTO DE DESPESA.
2025;48;OUTROS AUXÍLIOS FINANCEIROS A PESSOAS FÍSICAS;DESPESAS ORÇAMENTÁRIAS COM A CONCESSÃO DE AUXÍLIO FINANCEIRO DIRETAMENTE A PESSOAS FÍSICAS, SOB AS MAIS DIVERSAS MODALIDADES, TAIS COMO AJUDA OU APOIO FINANCEIRO E SUBSÍDIO OU COMPLEMENTAÇÃO NA AQUISIÇÃO DE BENS, NÃO CLASSIFICADOS EXPLÍCITA OU IMPLICITAMENTE EM OUTROS ELEMENTOS DE DESPESA, OBSERVADO O DISPOSTO NO ART. 26 DA LEI COMPLEMENTAR FEDERAL N° 101, DE 04/05/2000.
2025;49;AUXÍLIO-TRANSPORTE;DESPESAS ORÇAMENTÁRIAS COM AUXÍLIO-TRANSPORTE PAGO EM FORMA DE PECÚNIA, DE BILHETE OU DE CARTÃO MAGNÉTICO DIRETAMENTE AOS MILITARES, SERVIDORES, ESTAGIÁRIOS OU EMPREGADOS DA ADMINISTRAÇÃO PÚBLICA DIRETA E INDIRETA, DESTINADO AO CUSTEIO PARCIAL DAS DESPESAS REALIZADAS COM TRANSPORTE COLETIVO MUNICIPAL, INTERMUNICIPAL OU INTERESTADUAL NOS DESLOCAMENTOS DE SUAS RESIDÊNCIAS PARA OS LOCAIS DE TRABALHO E VICE-VERSA, OU TRABALHO-TRABALHO NOS CASOS DE ACUMULAÇÃO LÍCITA DE CARGOS OU EMPREGOS.
2025;51;OBRAS E INSTALAÇÕES;"DESPESAS ORÇAMENTÁRIAS COM ESTUDOS E PROJETOS; INÍCIO, PROSSEGUIMENTO E CONCLUSÃO DE OBRAS; PAGAMENTO DE PESSOAL TEMPORÁRIO NÃO PERTENCENTE AO QUADRO DA ENTIDADE E NECESSÁRIO À REALIZAÇÃO DAS MESMAS; PAGAMENTO DE OBRAS CONTRATADAS; INSTALAÇÕES QUE SEJAM INCORPORÁVEIS OU INERENTES AO IMÓVEL, TAIS COMO: ELEVADORES, APARELHAGEM PARA AR CONDICIONADO CENTRAL, ETC."
2025;52;EQUIPAMENTOS E MATERIAL PERMANENTE;"DESPESAS ORÇAMENTÁRIAS COM AQUISIÇÃO DE AERONAVES; APARELHOS DE MEDIÇÃO; APARELHOS E EQUIPAMENTOS DE COMUNICAÇÃO; APARELHOS, EQUIPAMENTOS E UTENSÍLIOS MÉDICO, ODONTOLÓGICO, LABORATORIAL E HOSPITALAR; APARELHOS E EQUIPAMENTOS PARA ESPORTE E DIVERSÕES; APARELHOS E UTENSÍLIOS DOMÉSTICOS; ARMAMENTOS; COLEÇÕES E MATERIAIS BIBLIOGRÁFICOS; EMBARCAÇÕES, EQUIPAMENTOS DE MANOBRA E PATRULHAMENTO; EQUIPAMENTOS DE PROTEÇÃO, SEGURANÇA, SOCORRO E SOBREVIVÊNCIA; INSTRUMENTOS MUSICAIS E ARTÍSTICOS; MÁQUINAS, APARELHOS E EQUIPAMENTOS DE USO INDUSTRIAL; MÁQUINAS, APARELHOS E EQUIPAMENTOS GRÁFICOS E EQUIPAMENTOS DIVERSOS; MÁQUINAS, APARELHOS E UTENSÍLIOS DE ESCRITÓRIO; MÁQUINAS, FERRAMENTAS E UTENSÍLIOS DE OFICINA; MÁQUINAS, TRATORES E EQUIPAMENTOS AGRÍCOLAS, RODOVIÁRIOS E DE MOVIMENTAÇÃO DE CARGA; MOBILIÁRIO EM GERAL; OBRAS DE ARTE E PEÇAS PARA MUSEU; SEMOVENTES; VEÍCULOS DIVERSOS; VEÍCULOS FERROVIÁRIOS; VEÍCULOS RODOVIÁRIOS; OUTROS MATERIAIS PERMANENTES. "
2025;53;APOSENTADORIAS DO RGPS - ÁREA RURAL;DESPESAS ORÇAMENTÁRIAS COM PAGAMENTO DE APOSENTADORIAS DOS SEGURADOS DO PLANO DE BENEFÍCIOS DO REGIME GERAL DE PREVIDÊNCIA SOCIAL - RGPS, RELATIVOS À ÁREA RURAL.
2025;54;APOSENTADORIAS DO RGPS - ÁREA URBANA;DESPESAS ORÇAMENTÁRIAS COM PAGAMENTO DE APOSENTADORIAS DOS SEGURADOS DO PLANO DE BENEFÍCIOS DO REGIME GERAL DE PREVIDÊNCIA SOCIAL - RGPS, RELATIVOS À ÁREA URBANA.
2025;55;PENSÕES DO RGPS - ÁREA RURAL;DESPESAS ORÇAMENTÁRIAS COM PAGAMENTO DE PENSIONISTAS DO PLANO DE BENEFÍCIOS DO REGIME GERAL DE PREVIDÊNCIA SOCIAL - RGPS, INCLUSIVE DECORRENTES DE SENTENÇAS JUDICIAIS, TODAS RELATIVAS À ÁREA RURAL.
2025;56;PENSÕES DO RGPS - ÁREA URBANA;DESPESAS ORÇAMENTÁRIAS COM PAGAMENTO DE PENSIONISTAS DO PLANO DE BENEFÍCIOS DO REGIME GERAL DE PREVIDÊNCIA SOCIAL - RGPS, INCLUSIVE DECORRENTES DE SENTENÇAS JUDICIAIS, TODAS RELATIVAS À ÁREA URBANA.
2025;57;OUTROS BENEFÍCIOS DO RGPS - ÁREA RURAL;DESPESAS ORÇAMENTÁRIAS COM BENEFÍCIOS DO REGIME GERAL DE PREVIDÊNCIA SOCIAL - RGPS RELATIVAS À ÁREA RURAL, EXCLUSIVE APOSENTADORIA E PENSÕES.
2025;58;OUTROS BENEFÍCIOS DO RGPS - ÁREA URBANA;DESPESAS ORÇAMENTÁRIAS COM BENEFÍCIOS DO REGIME GERAL DE PREVIDÊNCIA SOCIAL - RGPS RELATIVAS À ÁREA URBANA, EXCLUSIVE APOSENTADORIA E PENSÕES.
2025;59;PENSÕES ESPECIAIS ;DESPESAS ORÇAMENTÁRIAS COM PAGAMENTO DE PENSÕES ESPECIAIS, INCLUSIVE AS DE CARÁTER INDENIZATÓRIO, CONCEDIDAS POR LEGISLAÇÃO ESPECÍFICA OU POR DETERMINAÇÃO JUDICIAL, NÃO VINCULADAS A CARGOS PÚBLICOS.
2025;61;AQUISIÇÃO DE IMÓVEIS;DESPESAS ORÇAMENTÁRIAS COM AQUISIÇÃO DE IMÓVEIS CONSIDERADOS NECESSÁRIOS À REALIZAÇÃO DE OBRAS OU PARA SUA PRONTA UTILIZAÇÃO.
2025;62;AQUISIÇÃO DE PRODUTOS PARA REVENDA;DESPESAS ORÇAMENTÁRIAS COM AQUISIÇÃO DE BENS DESTINADOS À VENDA FUTURA.
2025;63;AQUISIÇÃO DE TÍTULOS DE CRÉDITO;DESPESAS ORÇAMENTÁRIAS COM AQUISIÇÃO DE TÍTULOS DE CRÉDITO NÃO REPRESENTATIVOS DE QUOTAS DE CAPITAL DE EMPRESAS.
2025;64;AQUISIÇÃO DE TÍTULOS REPRESENTATIVOS DE CAPITAL JÁ INTEGRALIZADO;DESPESAS ORÇAMENTÁRIAS COM AQUISIÇÃO DE AÇÕES OU QUOTAS DE QUALQUER TIPO DE SOCIEDADE, DESDE QUE TAIS TÍTULOS NÃO REPRESENTEM CONSTITUIÇÃO OU AUMENTO DE CAPITAL. 
2025;65;CONSTITUIÇÃO OU AUMENTO DE CAPITAL DE EMPRESAS;DESPESAS ORÇAMENTÁRIAS COM A CONSTITUIÇÃO OU AUMENTO DE CAPITAL DE EMPRESAS INDUSTRIAIS, AGRÍCOLAS, COMERCIAIS OU FINANCEIRAS, MEDIANTE SUBSCRIÇÃO DE AÇÕES REPRESENTATIVAS DO SEU CAPITAL SOCIAL. 
2025;66;CONCESSÃO DE EMPRÉSTIMOS E FINANCIAMENTOS;DESPESAS ORÇAMENTÁRIAS COM A CONCESSÃO DE QUALQUER EMPRÉSTIMO OU FINANCIAMENTO, INCLUSIVE BOLSAS DE ESTUDO REEMBOLSÁVEIS. 
2025;67;DEPÓSITOS COMPULSÓRIOS;DESPESAS ORÇAMENTÁRIAS RELATIVAS A DEPÓSITOS COMPULSÓRIOS EXIGIDOS POR LEGISLAÇÃO ESPECÍFICA, OU DETERMINADOS POR DECISÃO JUDICIAL. 
2025;70;RATEIO PELA PARTICIPAÇÃO EM CONSÓRCIO PÚBLICO;DESPESAS ORÇAMENTÁRIAS RELATIVAS AO RATEIO DAS DESPESAS DECORRENTES DA PARTICIPAÇÃO DO ENTE FEDERATIVO EM CONSÓRCIO PÚBLICO INSTITUÍDO NOS TERMOS DA LEI Nº 11.107, DE 6 DE ABRIL DE 2005.
2025;71;PRINCIPAL DA DÍVIDA CONTRATUAL RESGATADO;DESPESAS ORÇAMENTÁRIAS COM A AMORTIZAÇÃO EFETIVA DO PRINCIPAL DA DÍVIDA PÚBLICA CONTRATUAL, INTERNA E EXTERNA. 
2025;72;PRINCIPAL DA DÍVIDA MOBILIÁRIA RESGATADO;DESPESAS ORÇAMENTÁRIAS COM A AMORTIZAÇÃO EFETIVA DO VALOR NOMINAL DO TÍTULO DA DÍVIDA PÚBLICA MOBILIÁRIA, INTERNA E EXTERNA. 
2025;73;CORREÇÃO MONETÁRIA OU CAMBIAL DA DÍVIDA CONTRATUAL RESGATADA;DESPESAS ORÇAMENTÁRIAS DECORRENTES DA ATUALIZAÇÃO DO VALOR DO PRINCIPAL DA DÍVIDA CONTRATUAL, INTERNA E EXTERNA, EFETIVAMENTE AMORTIZADO. 
2025;74;CORREÇÃO MONETÁRIA OU CAMBIAL DA DÍVIDA MOBILIÁRIA RESGATADA;DESPESAS ORÇAMENTÁRIAS DECORRENTES DA ATUALIZAÇÃO DO VALOR NOMINAL DO TÍTULO DA DÍVIDA PÚBLICA MOBILIÁRIA, EFETIVAMENTE AMORTIZADO. 
2025;75;CORREÇÃO MONETÁRIA DA DÍVIDA DE OPERAÇÕES DE CRÉDITO POR ANTECIPAÇÃO DA RECEITA;DESPESAS ORÇAMENTÁRIAS COM CORREÇÃO MONETÁRIA DA DÍVIDA DECORRENTE DE OPERAÇÃO DE CRÉDITO POR ANTECIPAÇÃO DE RECEITA. 
2025;76;PRINCIPAL CORRIGIDO DA DÍVIDA MOBILIÁRIA REFINANCIADO;DESPESAS ORÇAMENTÁRIAS COM O REFINANCIAMENTO DO PRINCIPAL DA DÍVIDA PÚBLICA MOBILIÁRIA, INTERNA E EXTERNA, INCLUSIVE CORREÇÃO MONETÁRIA OU CAMBIAL, COM RECURSOS PROVENIENTES DA EMISSÃO DE NOVOS TÍTULOS DA DÍVIDA PÚBLICA MOBILIÁRIA.
2025;77;PRINCIPAL CORRIGIDO DA DÍVIDA CONTRATUAL REFINANCIADO;DESPESAS ORÇAMENTÁRIAS COM O REFINANCIAMENTO DO PRINCIPAL DA DÍVIDA PÚBLICA CONTRATUAL, INTERNA E EXTERNA, INCLUSIVE CORREÇÃO MONETÁRIA OU CAMBIAL, COM RECURSOS PROVENIENTES DA EMISSÃO DE TÍTULOS DA DÍVIDA PÚBLICA MOBILIÁRIA.
2025;81;DISTRIBUIÇÃO CONSTITUCIONAL OU LEGAL DE RECEITAS;DESPESAS ORÇAMENTÁRIAS DECORRENTES DA TRANSFERÊNCIA A OUTRAS ESFERAS DE GOVERNO DE RECEITAS TRIBUTÁRIAS, DE CONTRIBUIÇÕES E DE OUTRAS RECEITAS VINCULADAS, PREVISTA NA CONSTITUIÇÃO OU EM LEIS ESPECÍFICAS, CUJA COMPETÊNCIA DE ARRECADAÇÃO É DO ÓRGÃO TRANSFERIDOR. 
2025;82;APORTE DE RECURSOS PELO PARCEIRO PÚBLICO EM FAVOR DO PARCEIRO PRIVADO DECORRENTE DE CONTRATO DE PARCERIA PÚBLICO-PRIVADA - PPP;DESPESAS RELATIVAS AO APORTE DE RECURSOS PELO PARCEIRO PÚBLICO EM FAVOR DO PARCEIRO PRIVADO, CONFORME PREVISÃO CONSTANTE DO CONTRATO DE PARCERIA PÚBLICO-PRIVADA - PPP, DESTINADO À REALIZAÇÃO DE OBRAS E AQUISIÇÃO DE BENS REVERSÍVEIS, NOS TERMOS DO §2º DO ART. 6º E DO §2º DO ART. 7º, AMBOS DA LEI Nº 11.079, DE 30/12/2004.
2025;83;DESPESAS DECORRENTES DE CONTRATO DE PARCERIA PÚBLICO-PRIVADA - PPP, EXCETO SUBVENÇÕES ECONÔMICAS, APORTE E FUNDO GARANTIDOR;DESPESAS ORÇAMENTÁRIAS COM O PAGAMENTO, PELO PARCEIRO PÚBLICO, DO PARCELAMENTO DOS INVESTIMENTOS REALIZADOS PELO PARCEIRO PRIVADO COM A REALIZAÇÃO DE OBRAS E AQUISIÇÃO DE BENS REVERSÍVEIS, INCORPORADOS NO PATRIMÔNIO DO PARCEIRO PÚBLICO ATÉ O INÍCIO DA OPERAÇÃO DO OBJETO DA PARCERIA PÚBLICO-PRIVADA - PPP, BEM COMO DE OUTRAS DESPESAS QUE NÃO CARACTERIZEM SUBVENÇÃO (ELEMENTO 45), APORTE DE RECURSOS DO PARCEIRO PÚBLICO AO PARCEIRO PRIVADO (ELEMENTO 82) OU PARTICIPAÇÃO EM FUNDO GARANTIDOR DE PPP (ELEMENTO 84).
2025;84;DESPESAS DECORRENTES DA PARTICIPAÇÃO EM FUNDOS, ORGANISMOS, OU ENTIDADES ASSEMELHADAS, NACIONAIS E INTERNACIONAIS;DESPESAS ORÇAMENTÁRIAS RELATIVAS À PARTICIPAÇÃO EM FUNDOS, ORGANISMOS, OU ENTIDADES ASSEMELHADAS, NACIONAIS E INTERNACIONAIS, INCLUSIVE AS DECORRENTES DE INTEGRALIZAÇÃO DE COTAS.
2025;85;CONTRATO DE GESTÃO ;DESPESAS ORÇAMENTÁRIAS DECORRENTES DE TRANSFERÊNCIAS ÀS ORGANIZAÇÕES SOCIAIS OU OUTRAS ENTIDADES PROVADAS SEM FINS LUCRATIVOS PARA EXECUÇÃO DE SERVIÇOS NO ÂMBITO DO CONTRATO DE GESTÃO FIRMADO COMO O PODER PÚBLICO. 
2025;86;COMPENSAÇÕES A REGIMES DE PREVIDÊNCIA;DESPESAS ORÇAMENTÁRIAS COM COMPENSAÇÕES FINANCEIRAS PARA OS REGIMES DE PREVIDÊNCIA, INCLUINDO MILITARES, CONFORME PREVISTO NO ART. 201, §9º E §9º-A E COM A COMPENSAÇÃO AO FUNDO DO REGIME GERAL DE PREVIDÊNCIA SOCIAL - FRGPS EM VIRTUDE DE DESONERAÇÕES, COMO A PREVISTA NO INCISO IV DO ART. 9º DA LEI Nº 12.546, DE 14 DE DEZEMBRO DE 2011, QUE ESTABELECE A NECESSIDADE DE A UNIÃO COMPENSAR O VALOR CORRESPONDENTE À ESTIMATIVA DE RENÚNCIA PREVIDENCIÁRIA DECORRENTE DESSA LEI.
2025;91;SENTENÇAS JUDICIAIS;"DESPESAS ORÇAMENTÁRIAS RESULTANTES DE: 
A) PAGAMENTO DE PRECATÓRIOS, EM CUMPRIMENTO AO DISPOSTO NO ART. 100 E SEUS PARÁGRAFOS DA CONSTITUIÇÃO, E NO ART. 78 DO ATO DAS DISPOSIÇÕES CONSTITUCIONAIS TRANSITÓRIAS - ADCT; 
B) CUMPRIMENTO DE SENTENÇAS JUDICIAIS, TRANSITADAS EM JULGADO, DE EMPRESAS PÚBLICAS E SOCIEDADES DE ECONOMIA MISTA, INTEGRANTES DOS ORÇAMENTOS FISCAL E DA SEGURIDADE SOCIAL; 
C) CUMPRIMENTO DE SENTENÇAS JUDICIAIS, TRANSITADAS EM JULGADO, DE PEQUENO VALOR, NA FORMA DEFINIDA EM LEI, NOS TERMOS DO §3º DO ART. 100 DA CONSTITUIÇÃO; 
D) CUMPRIMENTO DE DECISÕES JUDICIAIS, PROFERIDAS EM MANDADOS DE SEGURANÇA E MEDIDAS CAUTELARES; E 
E) CUMPRIMENTO DE OUTRAS DECISÕES JUDICIAIS.
"
2025;92;DESPESAS DE EXERCÍCIOS ANTERIORES;"DESPESAS ORÇAMENTÁRIAS EM CUMPRIMENTO DO ART. 37 DA LEI NO 4.320, DE 17/03/1964, QUE DISPÕE:
“ART. 37. AS DESPESAS DE EXERCÍCIOS ENCERRADOS, PARA AS QUAIS O ORÇAMENTO RESPECTIVO CONSIGNAVA CRÉDITO PRÓPRIO, COM SALDO SUFICIENTE PARA ATENDÊ-LAS, QUE NÃO SE TENHAM PROCESSADO NA ÉPOCA PRÓPRIA, BEM COMO OS RESTOS A PAGAR COM PRESCRIÇÃO INTERROMPIDA E OS COMPROMISSOS RECONHECIDOS APÓS O ENCERRAMENTO DO EXERCÍCIO CORRESPONDENTE, PODERÃO SER PAGAS À CONTA DE DOTAÇÃO ESPECÍFICA CONSIGNADA NO ORÇAMENTO, DISCRIMINADA POR ELEMENTO, OBEDECIDA, SEMPRE QUE POSSÍVEL, A ORDEM CRONOLÓGICA”.
"
2025;93;INDENIZAÇÕES E RESTITUIÇÕES;DESPESAS ORÇAMENTÁRIAS COM INDENIZAÇÕES, EXCLUSIVE AS TRABALHISTAS, E RESTITUIÇÕES, DEVIDAS POR ÓRGÃOS E ENTIDADES A QUALQUER TÍTULO, INCLUSIVE DEVOLUÇÃO DE RECEITAS QUANDO NÃO FOR POSSÍVEL EFETUAR ESSA DEVOLUÇÃO MEDIANTE A COMPENSAÇÃO COM A RECEITA CORRESPONDENTE, BEM COMO OUTRAS DESPESAS DE NATUREZA INDENIZATÓRIA NÃO CLASSIFICADAS EM ELEMENTOS DE DESPESAS ESPECÍFICOS. 
2025;94;INDENIZAÇÕES E RESTITUIÇÕES TRABALHISTAS;DESPESAS ORÇAMENTÁRIAS RESULTANTES DO PAGAMENTO EFETUADO A SERVIDORES PÚBLICOS CIVIS E EMPREGADOS DE ENTIDADES INTEGRANTES DA ADMINISTRAÇÃO PÚBLICA, INCLUSIVE FÉRIAS E AVISO PRÉVIO INDENIZADOS, MULTAS E CONTRIBUIÇÕES INCIDENTES SOBRE OS DEPÓSITOS DO FUNDO DE GARANTIA POR TEMPO DE SERVIÇO, ETC., EM FUNÇÃO DA PERDA DA CONDIÇÃO DE SERVIDOR OU EMPREGADO, PODENDO SER EM DECORRÊNCIA DA PARTICIPAÇÃO EM PROGRAMA DE DESLIGAMENTO VOLUNTÁRIO, BEM COMO A RESTITUIÇÃO DE VALORES DESCONTADOS INDEVIDAMENTE, QUANDO NÃO FOR POSSÍVEL EFETUAR ESSA RESTITUIÇÃO MEDIANTE COMPENSAÇÃO COM A RECEITA CORRESPONDENTE.
2025;95;INDENIZAÇÃO PELA EXECUÇÃO DE TRABALHOS DE CAMPO;"DESPESAS ORÇAMENTÁRIAS COM INDENIZAÇÕES DEVIDAS AOS SERVIDORES QUE SE AFASTAREM DE SEU LOCAL DE TRABALHO, SEM DIREITO À PERCEPÇÃO DE DIÁRIAS, PARA EXECUÇÃO DE TRABALHOS DE CAMPO, TAIS COMO OS DE CAMPANHA DE COMBATE E CONTROLE DE ENDEMIAS; MARCAÇÃO, INSPEÇÃO E MANUTENÇÃO DE MARCOS DECISÓRIOS; TOPOGRAFIA, PESQUISA, SANEAMENTO BÁSICO, INSPEÇÃO E FISCALIZAÇÃO DE FRONTEIRAS INTERNACIONAIS. "
2025;96;RESSARCIMENTO DE DESPESAS DE PESSOAL REQUISITADO;DESPESAS ORÇAMENTÁRIAS COM RESSARCIMENTO DAS DESPESAS REALIZADAS PELO ÓRGÃO OU ENTIDADE DE ORIGEM QUANDO O SERVIDOR PERTENCER A OUTRAS ESFERAS DE GOVERNO OU A EMPRESAS ESTATAIS NÃO-DEPENDENTES E OPTAR PELA REMUNERAÇÃO DO CARGO EFETIVO, NOS TERMOS DAS NORMAS VIGENTES. 
2025;97;APORTE PARA COBERTURA DO DEFICIT ATUARIAL DO RPPS;DESPESAS ORÇAMENTÁRIAS COM APORTES PERIÓDICOS DESTINADOS À COBERTURA DO DÉFICIT ATUARIAL DO REGIME PRÓPRIO DE PREVIDÊNCIA SOCIAL – RPPS, CONFORME PLANO DE AMORTIZAÇÃO ESTABELECIDO EM LEI DO RESPECTIVO ENTE FEDERATIVO, EXCETO AS DECORRENTES DE ALÍQUOTA DE CONTRIBUIÇÃO SUPLEMENTAR.
2025;98;DESPESAS DO ORÇAMENTO DE INVESTIMENTO ;DESPESAS ORÇAMENTÁRIAS DECORRENTES DA EXECUÇÃO DAS PROGRAMAÇÕES DO ORÇAMENTO DE INVESTIMENTO
2025;99;A CLASSIFICAR;"ELEMENTO TRANSITÓRIO QUE DEVERÁ SER UTILIZADO ENQUANTO SE AGUARDA A CLASSIFICAÇÃO EM ELEMENTO ESPECÍFICO, VEDADA A SUA UTILIZAÇÃO NA EXECUÇÃO ORÇAMENTÁRIA. 

"
